"Período del Mes","Responsable Principal","Tareas Críticas de Carga y Control","Entregable","Desde","Hasta","Area"
"Todos los Lunes","Nicolás","Seguimiento RESU ECO con Movimientos de Caja y Bancos ABACCUS","Seguimiento Financiero","3;10;17;24","3;10;17;24","Financiero"
"Todos los Lunes","Nicolás","Conciliación bancaria y carga de movimientos ""Pendiente de Imputación"" remanentes","ABACCUS actualizado para imputación","1;8;15;22","1;8;15;22","Financiero"
"Todos los Lunes","Asistente","Actualización de ""Novedades de reloj"" última semana, para posterior liquidación de sueldos mensual","Novedades de sueldo actualizadas","1;8;15;22","1;8;15;22","Sueldos"
"Todos los Lunes","Asistente","Relevamiento y corte de stock. Depósito: Sala","Control de inventarios","1;8;15;22","1;8;15;22","Stock"
"Todos los Lunes","Asistente","Relevamiento y corte de stock. Depósito: Farmacia Supervisoras","Control de inventarios","1;8;15;22","1;8;15;22","Stock"
"Todos los Lunes","Asistente","Reporte de RENALIC. Cant: a) Ptes Tratados (desagregados por HD y HDF) , b) Sesiones totales realizadas (desagregados por HD y HDF). Datos Semanales (Lunes a Domingo). Periodicidad de la información: Por Semana, Acumulados en el mes corriente, Por Mes","!!! armar reporte final","1;8;15;22","1;8;15;22","Reportes"
"Todos los Martes","Asistente","Imputación (remanente) de movimientos bancarios, conciliados por Nicolás en ABACCUS.","ABACCUS actualizado","2;9;16;23","2;9;16;23","Financiero"
"Todos los Martes","Asistente","Relevamiento y corte de stock. Depósito: Depósito Planta Baja Nico","Control de inventarios","2;9;16;23","2;9;16;23","Stock"
"Todos los Martes","Asistente","Relevamiento y corte de stock. Depósito: Deposito Auxiliar Entrada","Control de inventarios","2;9;16;23","2;9;16;23","Stock"
"Todos los Miércoles","Asistente","Relevamiento y corte de stock. Depósito: Depósito Planta Alta Mucamas","Control de inventarios","3;10;17;24","3;10;17;24","Stock"
"Todos los Miércoles","Asistente","Relevamiento y corte de stock. Depósito: Sala de Aguas Nico","Control de inventarios","3;10;17;24","3;10;17;24","Stock"
"Todos los Viernes","Rosana","RESU ECO (Resumen Económico) actualizado al cierre de la semana","Seguimiento Financiero","5;12;19;26","5;12;19;26","Financiero"
"Todos los Viernes","Asistente","Actualización de Precios unitarios de insumos por Proveedor","HOY no tengo un ""entregable"" de esta tarea (o sea, un uso o destino específico para esta info), pero es algo que SEGURAMENTE nos permitirá en el futuro mejorar algún tipo de toma de desiciones.","5;12;19;26","5;12;19;26","Stock"
"Días 01 al 02","Asistente","Actualización de ULTIMAS ""Novedades de reloj"" del mes y Liquidación preliminar de sueldos y Cargas Sociales y Sindicales","Preliquidación de Sueldos y Cargas Sociales y Sindicales","1","2","Sueldos"
"Días 01 al 02","Nicolás","Conciliación bancaria y carga de movimientos ""Pendiente de Imputación"" remanentes del mes cerrado","ABACCUS actualizado para imputación final mensual","1","2","Financiero"
"Días 03 al 04","Nicolás","Descarga de cotizaciones FCI Macro (ARS y USD). Calculo de Rentabilidad FCIs del mes cerrado","ABACCUS actualizado para reportería","3","4","Reportes"
"Días 03 al 04","Nicolás","Descargas oficiales: Cotizaciones dólar (BNA, Blue, MEP, CCL), IPC INDEC, Retenciones SICORE 217 (IIN, Sergio, Mayco), Mis Comprobantes Ventas ARCA, Anticipos Ganancias.","MySQL actualizado","3","4","Reportes"
"Días 03 al 04","Asistente","Imputación (remanente) de movimientos bancarios y cheques, conciliados por Nicolás del mes anterior en ABACCUS.","Movimientos bancarios cerrados en ABACCUS.","3","4","Financiero"
"Días 03 al 04","Rosana","Cierre de liquidación de sueldos y Cargas Sociales y Sindicales","Recibos de Sueldo y Liquidaciones de Cargas Sociales y Sindicales","3","4","Sueldos"
"Días 03 al 04","Asistente","Emisión de reportes contables: Saldos Cuentas por Cobrar y Cuentas por Pagar.","Reportes de Saldos de Proveedores y Obras Sociales listos.","3","4","Contabilidad"
"Días 03 al 04","Asistente","Actualización de ""intereses financieros"" de cuotas de Planes de Pago ARCA (*)","ABACCUS actualizado para Cancelación de Cuotas","3","4","PFP"
"Días 03 al 04","Asistente","Devengamiento Impuestos: DReI, Ingresos Brutos, IVA, 2º Quincena Ag Ret Gcias e Ingr Br.","Impuestos devengados en tiempo y forma","3","4","Impuestos"
"Días 04","Rosana","Control de Devengamiento Impuestos: DReI, Ingresos Brutos, IVA, 2º Quincena Ag Ret Gcias e Ingr Br.","Impuestos devengados en tiempo y forma","4","4","Impuestos"
"Días 05","Asistente","Envío formal de Reporte de Sueldos a Nicolás","Asignación correcta de Costos Laborales en Reportería","5","5","Sueldos"
"Días 05","Asistente","Carga en ABACCUS menú Tesorería: ""Data Entry para Balance"".
Devengamientos: Sueldos REM + No REM, Contribuciones SS y OS, Seguros (del F931), Sindicato.
Deudas: (actualizadas al final del mes cerrado) SUSS -F931-, Sueldos a Pagar -Netos-.","ABACCUS completo y cerrado para el mes informado.","5","5","Sueldos"
"Días 05 al 07","Asistente","Carga en ABACCUS menú Tesorería: ""Data Entry para Balance"".
Devengamientos: DReI, Ingresos Brutos, IVA, 2º Quincena Ag Ret Gcias e Ingr Br.
Deudas: (actualizadas al final del mes cerrado) DReI, Ingresos Brutos, IVA, 2º Quincena Ag Ret Gcias e Ingr Br, Sindicato, Anticipo de Ganancias","ABACCUS completo y cerrado para el mes informado.","5","7","Contabilidad"
"Días 08","Asistente","Relevamiento y corte de stock. Todos los depósitos (se eximen los depósitos relevados en los días 6 y 7 - últimos 2 días)","Control de inventarios","8","8","Stock"
"Días 08","Nicolás","Control de Saldo de Deuda de Anticipo del Impuesto a las Ganancias","ABACCUS completo y cerrado para el mes informado.","8","8","Impuestos"
"Días 11 al 14","Nicolás","Consolidación de BBDD MySQL / PBI / Proyección.","Tableros Actualizados en Power BI","11","14","Reportes"
"Días 11 al 14","Nicolás","Exportación del modelo (publicación)","Reporte Mensual Ejecutivo.","11","14","Reportes"
"Días 15","Nicolás, Mayco y Sergio","Reunión ejecutiva mensual (formato 15 minutos): revisión de desvíos, posición de liquidez, stock de insumos y contingencias fiscales.","Decisiones tácticas y operativas del mes.","15","15","Reportes"
"Días 16 al 17","Asistente","Devengamiento Impuestos: 1º Quincena Ag Ret Gcias e Ingr Br.","Impuestos devengados en tiempo y forma","16","17","Impuestos"
"Días 17","Rosana","Control de Devengamiento Impuestos: 1º Quincena Ag Ret Gcias e Ingr Br.","Impuestos devengados en tiempo y forma","17","17","Impuestos"
"Días 24 al 28","Asistente","Descarga de Constancias de pacientes para facturación. Guardado ordenado para facilitar el armado de los legajos digitales de pacientes.","Provisión de documentación respaldatoria a Lucila para facturación. Habría que definir: a) las constancias necesarias para descargar, y b) los protocolos de almacenamiento (guardado en el disco de la compu)","24","28","Facturacion"
"Todo el mes. Diariamente o según ocurrencia","Asistente","Carga de movimientos bancarios diarios (día anterior), y cheques emitidos y recibidos en ABACCUS.","ABACCUS actualizado para conciliación","1","31","Financiero"
"Todo el mes. Diariamente o según ocurrencia","Asistente","Cancelación de Cuotas Planes de Pago impositivos y Préstamos en ABACCUS. Avisos formales de desvíos de data entry de convenios a Nicolás.","ABACCUS actualizado para conciliación y reportería","1","31","PFP"
"Todo el mes. Diariamente o según ocurrencia","Asistente","Carga en Sistema Contable de: Facturas de Compra, Pagos a Proveedores, Liquidaciones de Cobranzas","ABACCUS actualizado para reportería","1","31","Contabilidad"
"Todo el mes. Diariamente o según ocurrencia","Asistente","Carga de nuevos planes de pago (impositivos y prestamos). Aviso formal a Nicolás","ABACCUS actualizado para Cancelación de Cuotas","1","31","PFP"
"Todo el mes. Diariamente o según ocurrencia","Nicolás","Control de Carga de nuevos planes de pago (impositivos y prestamos). Al recibir aviso formal de Asistente. Y control de cancelación de Cuotas","ABACCUS actualizado para Cancelación de Cuotas","1","31","PFP"
"Todo el mes. Diariamente o según ocurrencia","Asistente","Mantener actualizado Tablas de Proveedores y Clientes (Obras Sociales) en ABACCUS, según Tablas del Sistema Contable","ABACCUS actualizado para reportería","1","31","Contabilidad"
"Todo el mes. Diariamente o según ocurrencia","Lucila","Pedidos de Compra de Insumos","ABACCUS actualizado reportería","1","31","Stock"
"Todo el mes. Diariamente o según ocurrencia","Rosana","Informe de compras de Bienes de Uso / Obras (aviso formal a Nicolás)","Información cualitativa para cuantificación (ya sea en reportes o re-parametrización de ABACCUS)","1","31","Reportes"
"Todo el mes. Diariamente o según ocurrencia","Nicolás, Mayco y Sergio","Reunion de Destino de Fondos (según estado de cobranzas, saldos financieros y proyecciones)","Decisiones financieras Sergio y Mayco","1","31","Reportes"
"Todo el mes. Diariamente o según ocurrencia","???","Recepción de Pedidos de Compra de Insumos y CONTROL","","1","31","Stock"
